Index,Author,Tweet,Link
0,," Vladimir Putin with heads of international news agencies at SPIEF 2024 about the US elections, the situation in Ukraine, and Germany 

 About the US elections:

 During the election campaign, the United States is destroying its state from the inside.

 Nothing",https://x.com/apocalypseos/status/1798465127773344232
1,@QWasRightQ17,"2024 US Elections will be ran by the US Military! Trump is CURRENT Commander-In-Chief via ""Continuity Of Government & Devolution!!!

JFK Jr was SWORN IN as Vice President in 2019! (Following the Mike Pence Arrest)

Trump Signed The Republic Constitution at Mt Rushmore on July 4,",https://x.com/QWasRightQ17/status/1798453125793116670
2,@QWasRightQ17,"Hmmm, EVERYTHING I have been saying for a Couple of Years now...

My Posts, Are My Receipts...

2024 US Elections will be ran by the US Military! Trump is CURRENT Commander-In-Chief via ""Continuity Of Government & Devolution!!!

JFK Jr was SWORN IN as Vice President in 2019!",https://x.com/QWasRightQ17/status/1798452258130002211
3,@icsave,Arizona secretary of state calls threats to election officials ‘domestic terrorism’ | US elections 2024 | The Guardian -,https://x.com/icsave/status/1798349082433646764
4,@shorts_91,"Despite recent conviction, Donald Trump secures Republican nomination for 2024 presidential race. Nikki Haley gains minority support in final primaries. 

Read more on https://shorts91.com/category/international…

 #Election2024 #Trump #NikkiHaley #HushMoney #USElections #DonaldTrump",https://x.com/shorts_91/status/1798313746336715193
5,@GrammyC4Zone2,"Oil Cartel Delivers Bad News For Biden Ahead Of US. Elections. OPEC+ reached an internal agreement to prolong its oil production cuts, a move that could raise energy prices in the U.S. ahead of the pivotal 2024 elections, Reuters reported Monday.",https://x.com/GrammyC4Zone2/status/1798307861702778933
6,@BeginUpsc2024,"The 2024 Lok Sabha elections are set to be the most expensive in Indian history, 

with nearly Rs 1.35 lakh crore spent. 

This surpasses the spending in the 2020 US elections, which stood at Rs 1.2 lakh crore.",https://x.com/BeginUpsc2024/status/1798289295742263477
7,@anno1540,"Letters from an American
June 3 2024 a pod
11min16sec
Heather Cox Richardson
An 
#Trump
#USElections

https://open.substack.com/pub/heathercoxrichardson/p/june-3-2024-580?utm_source=share&utm_medium=android&r=nhh6y…",https://x.com/anno1540/status/1798236914157531254
8,@cryptotalemedia,"Does Cryptocurrency Have an Impact on the 2024 US Elections?

Enter the arena where money meets politics, and witness how crypto is reshaping America's financial and political future.
 
Join us on a journey through the twists and turns of digital assets in politics",https://x.com/cryptotalemedia/status/1798215632292335666
9,@GARYHARTMAN,Revenge: analysis of Trump posts shows relentless focus on punishing enemies | US elections 2024 | The Guardian,https://x.com/GARYHARTMAN/status/1798203425722700072
10,@thecryptochris1,I hope they don’t do/allow something that will suspend the 2024 US elections. I have a feeling they’re planning something to prevent President Trump from participating. Keeping praying for him and his family.,https://x.com/thecryptochris1/status/1798196239508369466
11,@TYMIOapp,"TYMIO at Consensus 2024: Part 2

Cryptocurrency and the future of digital asset regulation is a key issue in the US Elections. One of the most memorable events was the speech by independent presidential candidate Robert F. Kennedy Jr.

Key Highlights:

- Kennedy Jr.'s Campaign",https://x.com/TYMIOapp/status/1798164983701811449
24,@TheAntonJaeger,"WARNING -- US ELECTIONS (2024)

ARIZONA: ILLEGAL VOTERS 

Every state.
Every large county (all 50 states). 
Governed by #Democrat Party must have their ..

- VOTER ROLLS #audited
- VOTING SYSTEMS #audited in real-time
- BALLOT PAPER authenticated
- BALLOT SIGNATURES verified",https://x.com/TheAntonJaeger/status/1798140766394671434
51,@zogulelp,"Okay lemme try this…

1. How to destroy the enemies of humankind.
2. Okay…
3. Hmmm. Oh put Bill Gates George Soros and Barack Obama on trial for sedition and conspiracy to overthrow US Elections in 2024. Great that was easy. So will be getting convictions.",https://x.com/zogulelp/status/1798098390959681601
52,@RapidanEnergy,"We invite you to join our Energy Policy Service and Geopolitical Risk Service teams for a live briefing and Q&A discussing how the 2024 US elections - and a potential change in administration and in Congress - would affect over 20 different energy-related issues, including IRA",https://x.com/RapidanEnergy/status/1798089709354201253
53,@PolitelyDoesIt,"Thoughts and prayers? Really?

This has been true since reports of adverse events and sudden deaths started surfacing in January 2021. 

It was true before that even, when the suspect trial data was leaked. 

Where were you Mark?",https://x.com/PolitelyDoesIt/status/1798086882154479940
54,@DharmicFundoo,"Aloha Tulsi ji, 

Hope you are on the Ticket for 2024 US elections.",https://x.com/DharmicFundoo/status/1798069006907351056
55,@Raymond82310289," Just in time for the US elections!

""Cyber Polygon 2024 will be conducted virtually on the http://BI.ZONE Cyber Polygon Platform from September 10-11.""

https://sociable.co/government-and-policy/cyber-polygon-sophisticated-targeted-attack-tech-company/…",https://x.com/Raymond82310289/status/1798036239230353600
56,@kinocow,"2024 is the year of democracy with 4 billion people voting across the world. The results from Poland, Mexico and India are promising. People voting in the EU/UK/US elections vote out the trash, we've had a decade of conservatism, it's time for some fun.",https://x.com/kinocow/status/1798031554155098151
74,@robinmonotti,"CYBER-POLYGON 
 Just in time for the US elections!
""Cyber Polygon 2024 will be conducted virtually on the http://BI.ZONE Cyber Polygon Platform from September 10-11.
The cyber pandemic preppers are back, this time in Riyadh where the WEF held its last meeting:",https://x.com/robinmonotti/status/1798031047550201926
75,@SDG9_,"2004 and 2024 two such year when US elections and India elections took place in same year. And in both years exit poll and real poll results differed in same way. You think this is a coincidence,PONDER!!!!

#stockmarket #nse #bjpgoverment #BSEBankex",https://x.com/SDG9_/status/1798029360995471477
76,@PolitelyDoesIt,Funny little man. I liked your first book Sapiens. But since then you seem to have lost your way,https://x.com/PolitelyDoesIt/status/1798010760599331258
77,@PolitelyDoesIt,This is getting old,https://x.com/PolitelyDoesIt/status/1798008465396511164
97,@PolitelyDoesIt,No one with a functional brain ,https://x.com/PolitelyDoesIt/status/1798008243748528369
98,@SHMBA09,Any insights into US Elections 2024.,https://x.com/SHMBA09/status/1798006481067069623
99,@ChelseaCal9720,"Altseason vibes are in the air!  It's been four years since we felt this energy. From #Altcoins to crypto's impact on the 2024 US elections, BTC/ETH ETFs, and Tether's growth, the stars are aligning. Get ready, the crypto world is on the brink of something epic!",https://x.com/ChelseaCal9720/status/1797991286064242906
100,@RickSydney,"Opinion | US elections 2024 | Robert Reich

Why is a group of billionaires working to re-elect Trump?",https://x.com/RickSydney/status/1797988622781841880
101,@alexa00790,"Greatt! #Altcoins also bullish, breakout in 6 weeks with #Ethereum ETF launch, FED rates cut or the US elections (or all 3!!!) IMO. Final Top could be in Dec 2024! I pinned the forecast.",https://x.com/alexa00790/status/1797955721814065635
124,@ftmdev,"Come on man, there's no video evidence that 
@PrashantKishor
 ever said this, even if there is, it is doctored. It can't be real. Modi is gonna get all 543 seats in India, not only that, Modi will also win the US elections in Nov 2024. ",https://x.com/ftmdev/status/1797950325313388858
125,@MayadeenEnglish,"As the 2024 #USElections near, the level of political violence continues to surpass the threshold, only now with #Gaza as a focal point of the debates.",https://x.com/MayadeenEnglish
126,@Misosoupie1,"Are you ready for

Interest rate cuts?

US elections?

Banks buying #BITCOIN?

Infinity money printing?

Euro cup ",https://x.com/Misosoupie1/status/1797927893190021463
127,,"More than half of Americans (58%) say they are following news about candidates for the 2024 presidential election very or fairly closely.

https://pewresearch.org/?p=168818 via 
@pewresearch
 

#Blog1600Penn #USA #USElections 

cc 
@BastianBrauns",https://x.com/Blog1600Penn/status/1797923497227751665
150,@MrCashSebi,"Love your chart! #Altcoins bullish, breakout in 6 weeks with #Ethereum ETF launch, FED rates cut or the US elections (or all 3!!!) IMO. Final Top could be in Dec 2024! I pinned the forecast.",https://x.com/MrCashSebi/status/1797899936111190236
151,@MikeHeadWSWS,"In the 2024 US elections, the only presidential candidate who has advanced a left-wing opposition to the bipartisan assault on science and public health, is Socialist Equality Party (US) presidential candidate Joseph Kishore.",https://x.com/MikeHeadWSWS/status/1797899528705916989
152,@feargadocious,UK and US elections 2024 - the ulimate triumph of The Culture Wars...,https://x.com/feargadocious/status/1797899232432767388
153,@tmjnewsnetwork,"The negotiations are going to be more cumbersome if former President Donald Trump wins the 2024 US elections, as he has vowed to impose 100% tariffs on Chinese cars made in Mexico while stating that he would mobilize “special forces to fight the drug cartels.”",https://x.com/tmjnewsnetwork/status/1797889536741257246
154,@brunogiordano0,The Russian  and Mexican  elections happened in 2024 within their own democratic systems. Now it’s the US elections in November…. Is not looking good. And it’s a sad time in history for the US of A.,https://x.com/brunogiordano0/status/1797850160284012647
180,@my_namaste,"BJP not crossing the 272 mark itself can become a disaster for the Indian markets in the coming months until US elections.

#400Paar #लोकसभा_आमचुनाव_2024",https://x.com/my_namaste/status/1797849101369057584
181,@FlanniganFleur,Why is a group of billionaires working to re-elect Trump? | US elections 2024 | The Guardian,https://x.com/FlanniganFleur/status/1797814926498767306
182,@Bunny41937854,Revenge: analysis of Trump posts shows relentless focus on punishing enemies | US elections 2024 | The Guardian,https://x.com/Bunny41937854/status/1797808126101696801
209,@Dr_BrucePayne,Since the 2024 US elections are coming up here’s some questions that need to be answered…,https://x.com/Dr_BrucePayne/status/1797807335240519939
210,@FirewoodLen,We should ALL be extremely concerned about the US elections because the same networked international group that sided in the stealing of the  2020 elections  is active in attempting to finish off the only nation that can challenge the NWO by stealing the 2024 election too!.,https://x.com/FirewoodLen/status/1797776258723373465
235,@PolitelyDoesIt,"For a moment I thought you said:
I'm black.",https://x.com/PolitelyDoesIt/status/1797756746611732639
257,@PolitelyDoesIt,Masterpiece ,https://x.com/PolitelyDoesIt/status/1797756308340560072
258,@DoItForMaMa,The 2024 US elections are a 100% corporate prison benefitting the rich and brainwashing everyone else.,https://x.com/DoItForMaMa/status/1797749202971447507
259,@cryptogamblingx," Bets On US Elections Boost Polymarket's Growth!

Over 12,800 
@Polymarket
 users have placed $59.2 MILLION on various markets related to the 2024 US presidential race!",https://x.com/cryptogamblingx/status/1797724911701746072
260,@patlicata,"Oil Cartel Delivers Bad News For Biden Ahead Of US Elections

BIDEN IS SCREWED
Story by Nick Pope
OPEC+ reached an internal agreement to prolong its oil production cuts, a move that could raise energy prices in the U.S. ahead of the pivotal 2024 elections, Reuters reported",https://x.com/patlicata/status/1797702871359619346
261,@oxLA_alldisease,"Trump showed us:

- Elections are crooked
- Medical professionals are corrupt
- 3 Letter gov offices are the enemy
- Judicial system is rigged

Trump 2024 - finish the job!",https://x.com/oxLA_alldisease/status/1797695569718300987
262,@AmericaEthiopia,"2024 US Elections & The Ethiopian Political Situation

AEPAC Zoom Meeting:
https://us06web.zoom.us/j/4837493825?pwd=TNSo6CLfJgxJzWYxTiG6y9zsEcjhgI.1&omn=87308839651…",https://x.com/AmericaEthiopia/status/1797695566429991239
284,@Cittadino1914,"Trump loving OPEC reached an internal agreement to prolong its oil production cuts, a move that could raise energy prices in the U.S. ahead of the 2024 election, Reuters reported. More foreign interference in US elections. Don't blame Biden.",https://x.com/Cittadino1914/status/1797691468477509890
285,@Cittadino1914,"Trump-loving OPEC reached an internal agreement to prolong its oil production cuts, a move that could raise energy prices in the U.S. ahead of the 2024 election, Reuters reported. More foreign interference in US elections. Don't blame Biden!",https://x.com/Cittadino1914/status/1797689349557104690
286,@Cittadino1914,"Don't blame Biden for the spike in gasoline prices. Trump loving OPEC reached an internal agreement to prolong its oil production cuts, a move that could raise energy prices in the U.S. ahead of the 2024 election, Reuters reported. More foreign interference in US elections.",https://x.com/Cittadino1914/status/1797688726799499460
287,@farmhouse77,"Laughable stuff!  Are you speaking about the 2024 Presidential Election? If so, I have been itching to make a trade because the current odds are horseshit. How is a predictive market about US elections that has shut out US citizens worth a shit?",https://x.com/farmhouse77/status/1797679918291292672
288,@CDNPosts,"Oil Cartel Delivers Bad News For Biden Ahead Of US Elections: by Nick Pope at CDN -  

OPEC+ reached an internal agreement to prolong its oil production cuts, a move that could raise energy prices in the U.S. ahead of the pivotal 2024 elections, Reuters… http://dlvr.it/T7mz1v",https://x.com/CDNPosts/status/1797666093814940069
312,@HagabimanaDes,"""If you don't vote for me,  you ain't Black."" US President Joe Biden,

Reminds me of offensive similar messages from the Labour Party,

2024 US elections will be interesting",https://x.com/HagabimanaDes/status/1797635491510301126
313,@LumidaWealth,"8/ Crypto industry has ~$161 MM for political action committees (PACs) to influence the 2024 US elections, with Coinbase recently contributing $25 MM

> Funds are bolstering the Fairshake PAC & its affiliates, which are supporting pro-crypto candidates",https://x.com/LumidaWealth/status/1797608255541092796
314,@MBosuitje7896,Easy Multiple X Narrative for The Upcoming Months In Memecoins: The US Elections November 5 2024,https://x.com/MBosuitje7896/status/1797606186168307996
315,@PolitelyDoesIt,Yup it's the jabs ,https://x.com/PolitelyDoesIt/status/1797599479044214912
339,@jayqson,And what has been done since to ensure that the Mexican elec ... I mean the US elections will be fair in 2024,https://x.com/jayqson/status/1797594765548232758
360,@BrucePatten1,Republicans have tried to destroy Americans' faith in the integrity of US elections.  Now they're trying to destroy Americans' faith in the integrity of the US system of justice . It won't work. trump lost in 2020 and he'll lose in 2024. You're on the wrong side of history.,https://x.com/BrucePatten1/status/1797583208457937270
361,@SadharanDesi,"And if the deal does go through, Biden will get Nobel Peace prize before US elections 2024 ",https://x.com/SadharanDesi/status/1797576072793612717
362,@Lottgelady,"Terrifying ... in the UK we've had the UN force (in the guise of immigrants), coming in small boats in their thousands daily, to enforce these measures & I expect it's the same everywhere? The new plandemic is coming soon, watch the UK & US elections having to be postponed?",https://x.com/Lottgelady/status/1797557256122442127
363,@Bhaigan9,"BJP finding the loopholes of US elections about postal ballot and trying to implement in India elections 2024. Trump accused or framed or made fake propaganda about postal ballots for his loss. ECI is changing rules  be careful about it.
@Paul_Koshy
@AnshumanSail
@Anjan94150697",https://x.com/Bhaigan9/status/1797550369457008644
364,@2024USELECTIONS,What about state income tax that is applicable for most US states ?,https://x.com/2024USELECTIONS/status/1797524688119407066
365,@LandzelaSinalo,"CIC must take Police Minister, do well and reduce crime that will easily win us elections in 2024, let Floyd be Deputy President and deal with Governance issues. Let ANC take Finance Ministry. With Mkhwanazi as police commissioner it would helps people to atleast see...",https://x.com/LandzelaSinalo/status/1797465422671093790
366,@PolitelyDoesIt,Am I allowed to dislike both the Zionism and the DEI mandates?,https://x.com/PolitelyDoesIt/status/1797401883499188359
367,@osamabishounen,politico explainer on the 2024 US elections implying the dems are red-brown like this and introducing biden with a paragraph on liberation theology in the americas,https://x.com/osamabishounen/status/1797333324526129295
368,,Revenge: analysis of Trump posts shows relentless focus on punishing enemies | US elections 2024 | The Guardian It's all #Trump thinks about. #TrumpTrash,https://x.com/klp723/status/1797313575192760614
369,@begolop,Revenge: analysis of Trump posts shows relentless focus on punishing enemies | US elections 2024 | The Guardian,https://x.com/begolop/status/1797301106244026700
398,@KedarDesai02,Your prediction on US Elections ? Trump 2024 or something else ?,https://x.com/KedarDesai02/status/1797278227876253944
399,@Keerti__Sharma,"#Gold #ElliottWave 

Gold is pulling back in wave 4 of 5

It should consolidate in 2200 zone

Wave 5 of 5 should start later in the year

Most probably after US elections in Nov 2024",https://x.com/Keerti__Sharma/status/1797265101814116463
400,@McEwanMorton,Revenge: analysis of Trump posts shows relentless focus on punishing enemies | US elections 2024 | The Guardian,https://x.com/McEwanMorton/status/1797250277709316211
428,@geojey05,"I say.. He looks exhausted. You feel the panic has set it now as they look down the barrel.
The stage is set. They know Trump will win the 2024 election and he is already exposing the deep state crimes.
They will be dismantled before the US elections in Nov on Trumps orders to",https://x.com/geojey05/status/1797247368964067384
429,@crediblenews_ng,"Felony conviction: What it means for Trump and the 2024 US elections

https://crediblenews.ng/2024/05/31/felony-conviction-what-it-means-for-trump-and-the-2024-us-elections/…",https://x.com/crediblenews_ng/status/1797235871009087642
430,@tjmoonraker,"Yeah not sure about US elections. What I inconsistencies have you identified with the Russian 2024 elections though? You've identified they had ""fewer inconsistencies"".",https://x.com/tjmoonraker/status/1797232662287142929
431,@energy_blogger,"They may very well not formulate beyond 2024. 

However, with US elections due in Nov, it would be better to state production policies now than later.

This way they can avoid any side taking political advantage of their policies…",https://x.com/energy_blogger/status/1797232429746577709
432,@patchdennizen,Revenge: analysis of Trump posts shows relentless focus on punishing enemies | US elections 2024 | The Guardian,https://x.com/patchdennizen/status/1797219282830418310
462,@LAWYRJIMIN,"So basically2016, 2020, and 2024 for the US elections ",https://x.com/LAWYRJIMIN/status/1797147832383889526
463,@Joseph_J_Virgo,"Nice I didn't have WW3 quite yet for my 2024 bingo card, but here we go.

Looking forward to suspended US elections next.

Been fun guys.",https://x.com/Joseph_J_Virgo/status/1797087083028423016
464,,"US elections are a joke. 2020 presidency was snatched from 
@realDonaldTrump
 it's happening again in 2024.",https://x.com/RJD900/status/1797066202176721110
465,@DisplayJBZ,"Crypto Industry Flexes Financial Muscle With $100M Super PAC War Chest For 2024 US Elections 

 A recent report by OpenSecr...",https://x.com/DisplayJBZ/status/1797065088148410801
494,@AmericaEthiopia,"2024 US Elections and Crisis in Ethiopia. 
Mark your calendar for June 8th at 3 PM EST.",https://x.com/AmericaEthiopia/status/1797009951019196527
520,@PolitelyDoesIt,He seems nice ,https://x.com/PolitelyDoesIt/status/1797008397973254229
521,@PolitelyDoesIt,WaPo report sounds suspect.,https://x.com/PolitelyDoesIt/status/1796975045186556243
522,@keekster3333,"2024 US elections and project Ukraine w/ Jim Jatras https://youtube.com/live/p9UDNGtp4wU?si=GCqv1vM_5pVHIUzV… via 
@YouTube
 
Five Eyes - 1?",https://x.com/keekster3333/status/1796968502034669924
523,@StevensInvWorld,"#Bitcoin Cycle / Return #USElections 2024, #Trump vs #Biden USA Market development 

Very important to understand about USMarket development in US election Year

Like it follow me to not miss anything Share it 
https://youtu.be/uQkx_ohh1ao?si=3zoSJ7p-zI6BUoFZ… via 
@YouTube",https://x.com/StevensInvWorld/status/1796959869817295029
548,@gmfus,"  The outcome of the 2024 US presidential election will clarify the options for future cooperation in the US-French relationship.  

 GMF's Martin Quencez analyzes the impact of the upcoming US elections on European economic and industrial growth.",https://x.com/gmfus/status/1796941025287524398
568,@AmericanAcademy,"Join us for a Zoom discussion with 
@ecfr
's 
@majda_ruge
 and 
@JyShapiro
 and Academy president Daniel Benjamin on the foreign policy implications of the 2024 US elections, the candidates' agendas and their potential impact on international affairs: https://buff.ly/3V1Sl5R",https://x.com/AmericanAcademy/status/1796883768105382318
569,@Kit_Rumble,I'm British and I comment on US elections. Trump 2024 bring it on,https://x.com/Kit_Rumble/status/1796877190342361502
570,@ChinasCanada,"The gap between 
@PierrePoilievre
 and 
@JustinTrudeau
 is closing again and it's only going to get tighter after the 2024 US Elections 

Nato but more importantly the 5Eyes, the NCIA, FBI, CIA and the Pentagon don't trust 
@PierrePoilievre
 he's not in ""the circle"" and with everything",https://x.com/ChinasCanada/status/1796871861466501227
571,@Homeabrn,Move the US elections to 15 June  2024 to TRUMP the free lancer sex enjoyed any where .,https://x.com/Homeabrn/status/1796863896864833698
572,@naanders,"How much intel does Israel have about Trump’s money laundering project for Iran in Baku for the IRGC? #Mammadov
@secdef
 @ODNIgov
 @USD_IntelSec
 @CIA
 @FBIWFO
 @StateDept_GCJ
 

Why does Israel want Trump elected? What will Israel do to interfere in US elections in 2024?",https://x.com/naanders/status/1796859301379649995
573,@SamuelS2327399,"#USElections I believe that the D.C. Elites those who have taken our government, will assassinate Joe biden Prior to Election day 2024 & blame it on their political opposition. I think that was the deal. Joe received his political career, agreed to assassination as payment.",https://x.com/SamuelS2327399/status/1796854807912681757
595,@KirillLutonya79,The US elections are in November 2024.,https://x.com/KirillLutonya79/status/1796843313464570170
596,@Stripesman,"Maybe 4 years to early....Will it now happen in 2024?
#USElections 

“Bipartisan” Washington Insiders Reveal Their Plan for Chaos if #Trump Wins the Election
#Trump2025 

https://bitchute.com/video/oHUtqBcWzOY0/…",https://x.com/Stripesman/status/1796835436091818145
597,@Maniacisme,"2024 US ELECTIONS
BIDEN. TRUMP. ISRAEL.
who will be Israel's new bitch",https://x.com/Maniacisme/status/1796813105361735881
618,@RedefineWealth,"Spain urges the EU  to balance trade openness with economic security amid the US elections. Cuerpo emphasizes central bank head replacement flexibility. Crucial times ahead!

#EUTrade #Spain #Economy #loksabha_elections_2024 #narendarmodi #Ronaldoac #GlobalDayOfParents #ExitPoll",https://x.com/RedefineWealth/status/1796804502923665894
636,@DeccanHerald,"Speak Out | June 01, 2024

#Speakout #DonaldTrump #UnitedStates #US #USElections",https://x.com/DeccanHerald/status/1796734364098633900
637,@coin8coin8coin,"We know who the #cryptocommunity will be voting for this coming 2024 US Elections. 

#USElections #USElections2024 #USA #cryptocurrency",https://x.com/coin8coin8coin/status/1796722073857077494
638,@ReadingWritA,I think crypto will play a part in influencing the 2024 US elections.,https://x.com/ReadingWritA/status/1796705883763744894
639,@IvoPan145365,"The #US #elections could cause more #volatility for the #Mexican #peso than the general #vote in #June #2024, according to #JPMorgan, $JPM #JPM

#Elections #USA #Mexico #WOW #Trend #update",https://x.com/IvoPan145365/status/1796645714715676883
660,,"Quels sont les pays qui suivent E.M. dans l’escalade avec la Russie et nous mènent vers une guerre mondiale : L’Allemagne (élections prévues en 2025), les US (élections prévues en Nov. 2024).
et E.M. en danger de destitution.
Vous avez compris, ou je vous fait un dessin ",https://x.com/Rgina3Regina/status/1796625855856128154
678,@SalehKhalifa17,The US elections are all designed and scripted. Trump and the elite know he’ll be president in 2024. ,https://x.com/SalehKhalifa17/status/1796617055984124408
679,@IndiaToday,"The total estimated expenditure for the 2024 elections is expected to reach a staggering Rs 1.35 lakh crore. This surpasses the spending in the 2020 US elections, which stood at Rs 1.2 lakh crore. #LokSabhaElections2024 | 
@AishPaliwal",https://x.com/IndiaToday/status/1796612545081487443
680,@HinduSanskriti0,Sharing my thread from March 2024 about the upcoming US elections.,https://x.com/HinduSanskriti0/status/1796590972287189506
681,@daaftrader1,"Just sit and enjoy the show:
Donald Trump just won the 2024 US elections.
He just joined the big leagues ",https://x.com/daaftrader1/status/1796589370184696125
682,@mcol35,What effect do you see the potential outcomes of the UK and US elections having on the stock market during the rest of 2024?,https://x.com/mcol35/status/1796570232611537164
683,@PolitelyDoesIt,Israeli hostages or Palestinian hostages?,https://x.com/PolitelyDoesIt/status/1796545750870143127
684,@kkaennips,"The process is heating up, especially with the 2024 US elections on the horizon. ",https://x.com/kkaennips/status/1796545204750860307
685,@PolitelyDoesIt,Because it's indefensible,https://x.com/PolitelyDoesIt/status/1796544145278050774
686,@PolitelyDoesIt,"Remember that we also have witness testimony and documented proof that Bill Clinton had sex with underage girls on Epsteins Island. 

But somehow Trump is a felon for this paperwork error from 10 years ago…",https://x.com/PolitelyDoesIt/status/1796543486466167043
711,@halfeatenmind,Sumsub Research Shows 303% Surge in Deepfakes Ahead of 2024 US Elections,https://x.com/halfeatenmind/status/1796543340717965589
712,@cryptomagic2025,"Election November 2024. Hold onto your coins. Boring. I know. Just watch the post election boom
#btc #USElections #eth",https://x.com/cryptomagic2025/status/1796525836969070965
713,@PolitelyDoesIt,The vaccines are killing and maiming people. Everyone knows this.,https://x.com/PolitelyDoesIt/status/1796507647077982494
736,@PolitelyDoesIt,Silencing truth? What are you talking about?,https://x.com/PolitelyDoesIt/status/1796506524128563640
737,@The_Arab_Posts,Who is going to win the 2024 #US elections?,https://x.com/The_Arab_Posts/status/1796495288829665700
738,@Ozark2DC,"If you are suggesting that US Elections have integrity in 2024 from 2020 rigged ballots, what is the back up plan?",https://x.com/Ozark2DC/status/1796486866507878776
739,,US Elections 2024 is in Trump’s pocket already ! https://x.com/jeremytate41/s/jeremytate41/status/1796296195393954195…,https://x.com/HSajwanization/status/1796456871299322310
740,@PolitelyDoesIt,,https://x.com/PolitelyDoesIt/status/1796447432869658930
765,@SianJasper,It would be highly amusing if Farage not standing in 2024 British election was followed by Trump not standing in the US Elections.,https://x.com/SianJasper/status/1796433159149773052
766,@CoinpediaNews,"Want to Know What’s Next for #DonaldTrump’s Case and the #MemeCoin Market?

Is this a Buying Opportunity for #TRUMPCoin?

Trump’s Conviction: A Boon or Bane for #Crypto #Investors?

Don't Miss This Interesting Article 
#CryptoMarket  #CryptoNews #USElections  #2024",https://x.com/CoinpediaNews/status/1796421661773722091
767,@PtiChUsmanMpa,"There are only very few things I'm sure about and one of those things is - Trump has now won the US elections 2024.
The conviction of #DonaldTrump just shows that the establishment is losing. This is good news for believe it or not bc it means that a win is so close that the",https://x.com/PtiChUsmanMpa/status/1796404344147058736
793,@RyujinGoku,"BREAKING NEWS: Former President Of The United States (POTUS) Donald J Trump has been found guilty on all 34 charges of bribery & corruption.

Question is, will American citizens allow the convicted fellon to continue running in the 2024 US Elections?

#TrumpCrimeFamily",https://x.com/RyujinGoku/status/1796397797815853312
817,@georgetsiklauri,"There are only very few things I'm sure about and one of those things is - Trump has now won the US elections 2024.

#DonaldTrump #Trump #JoeBiden #USPresidentialelection2024 #USElections",https://x.com/georgetsiklauri/status/1796396091946262835
818,@SThinkTnereffid,"2024 US elections might be even worse than 2020 US elections..!!

Possible civil war to divert the mainstream issues.",https://x.com/SThinkTnereffid/status/1796392910940000535
819,@CNBCTV18Live,"#Trump guilty verdict adds twist to 2024 race: A convicted felon

#DonaldTrumpGuilty #USElections",https://x.com/CNBCTV18Live/status/1796381588831498261
820,@SG3neris,"Any experts that can evaluate the Israel-Hamas war from the info war/PSYOPS perspective to influenc Israel’s elections, 2024 US elections & empowering this multipolar alliance with Putin-axis of evil.

Very big global subversion taking place online benefiting multipolarity.",https://x.com/SG3neris/status/1796359366528143433
843,@MichaelSCollura,"HAPPENING TODAY 
Andrew Tate Has Donated $200,000 To Donald J. Trump! 

Andrew Tate has announced that he will donate $200,000 to Donald Trump's campaign for the US elections in 2024. The kickboxer-turned-social-media star has a net worth of $12 million, and Tate's announcement",https://x.com/MichaelSCollura/status/1796358746685538520
862,@obsidianbabes,And note! There are other candidates on the ballot for US elections 2024. The amount of money being paid to mass media and other orgs to not even advertise these candidates should serve as a clear example of the dnc/gops corruption of american politics and representation,https://x.com/obsidianbabes/status/1796356489986089374
863,@QWasRightQ17,"He's not President, he is The CURRENT COMMANDER-IN-CHIEF!!!

2024 US Elections will be ran by the US Military! Trump is CURRENT Commander-In-Chief via ""Continuity Of Government & Devolution!!!

JFK Jr was SWORN IN as Vice President in 2019!

Trump Signed The Republic Constitution",https://x.com/QWasRightQ17/status/1796333866841456651
864,@Geopolitica81,"Guaranteed winner of the 2024 US elections.
Everyone knows they are both criminals running for office.
Trump is convicted 
Biden is still getting away with it....",https://x.com/Geopolitica81/status/1796319639045316644
865,@JFerraraF18,"Donald Trump wins the 2024 US Elections.
Joe Biden the  on Election interference",https://x.com/JFerraraF18/status/1796317166343774685
866,@JFerraraF18,Donald Trump wins the 2024 US Elections ,https://x.com/JFerraraF18/status/1796316923216695727
867,@renearno97,"The result of the 2024 US elections has already been determined. Make no mistake, they already rigged the election once. If I could give one tip for american civilians it would be to get more closer to God and buy more guns.",https://x.com/renearno97/status/1796316296088334641
868,,".
@CNBC
 host 
@SullyCNBC
 just quoted 
@Polymarket
 on live TV as “The largest prediction market in the world”
@Polymarket
 is built on 
@0xPolygon
 and now used to predict 2024 US elections. 
#Polygon $POL #Matic $Matic",https://x.com/DeFiMeter/status/1796310878507426167
890,@2024USELECTIONS,Open call for retaliation Mr Congressman ? Shows the law and order,https://x.com/2024USELECTIONS/status/1796307942964347354
891,@PolitelyDoesIt,Madrid,https://x.com/PolitelyDoesIt/status/1796306083964969456
892,@NordicZane,"It will be interesting to follow the US elections from Europe, how the Donald Trump verdict will move the American voters is still to be seen. The 2024 US elections will have deep economic and geopolitical impact on Europe and rest of the world!",https://x.com/NordicZane/status/1796305898782212327
929,@oneillquigley,"https://youtu.be/ZJaJ4BST6Nc?si=o0lkeYBP-erclcPi…
How Wall Street buys US elections: Blackstone funds Trump, BlackRock backs Biden

Geopolitical Economy Report
229K subscribers
20,933 views

30 May 2024",https://x.com/oneillquigley/status/1796302570228445614
930,@michaels_____,"The New York Jury has concluded their case on Donald J. Trump’s Hush money trial and found him guilty on all 34 counts. 
Could this decision impact the outcome of the 2024 US elections come November 5 for or against the Republican candidate?

Only time will tell!",https://x.com/michaels_____/status/1796296895255453721
931,@2024USELECTIONS,So you wanted Merchan to rescue for his daughters role but you don't want Alito to rescue for his wife's actions. Help me understand,https://x.com/2024USELECTIONS/status/1796294774112313494
932,@2024USELECTIONS,Good that you had it ready in drafts knowing very well the result ahead,https://x.com/2024USELECTIONS/status/1796293481771753494
933,@rose_k01," BREAKING,- President Donald Trump has been found guilty on all 34 count. Most Popular Man expected to Win 2024 US elections has been found guilty in a skewed Verdict. America is Now a Banana Republic  #DonaldTrump #MAGA #Trump2024",https://x.com/rose_k01/status/1796292797542310136
934,@PolitelyDoesIt,Which others? Do you have a list?,https://x.com/PolitelyDoesIt/status/1796292638204653742
935,@PolitelyDoesIt,,https://x.com/PolitelyDoesIt/status/1796292210310439316
936,@2024USELECTIONS,"Convicted Felon , former president of USA Mr Trump",https://x.com/2024USELECTIONS/status/1796288308152336385
937,@QWasRightQ17,"2024 US Elections will be ran by the US Military! Trump is CURRENT Commander-In-Chief via ""Continuity Of Government & Devolution!!!

JFK Jr was SWORN IN as Vice President in 2019!

Trump Signed The Republic Constitution at Mt Rushmore on July 4, 2020

Belligerent Biden Admin",https://x.com/QWasRightQ17/status/1796227280219275579
963,@QWasRightQ17,"2024 US Elections will be ran by the US Military! Trump is CURRENT Commander-In-Chief via ""Continuity Of Government & Devolution!!!

JFK Jr was SWORN IN as Vice President in 2019!

Trump Signed ""The Republic Constitution"" at Mt Rushmore on July 4, 2020

Belligerent Biden Admin",https://x.com/QWasRightQ17/status/1796227078183940262
986,@TrumpPepe2024,"The real one!!!  

Trump Pepe on ETH! Ready to go! 
$TRUMPE
@TrumpPepeOnEth
$PEPE going to 10B+ = #PEPE narratives pumping.
$TRUMP &amp; US Elections = #TRUMP narratives pumping.
$TRUMPE on #ETH is $PEPE + $TRUMP. A 
@Matt_Furie
 original character.",https://x.com/TrumpPepe2024/status/1796223491743555692
987,@TrumpPepe2024,"Here we go! Let’s figure it out Gents!

Trump Pepe on ETH! Ready to go! 
$TRUMPE
@TrumpPepeOnEth
$PEPE going to 10B+ = #PEPE narratives pumping.
$TRUMP &amp; US Elections = #TRUMP narratives pumping.
$TRUMPE on #ETH is $PEPE + $TRUMP. A 
@Matt_Furie
 original character.",https://x.com/TrumpPepe2024/status/1796222304587776122
988,@herb_legal8473,"After all this time, why can’t MAGAts understand that there are MANY voters (a majority in 2020 & maybe 2024) who think Trump belongs in jail & would never vote for him under any circumstances?

There’s NO WAY Trump will have “the biggest win in the history of US elections”.",https://x.com/herb_legal8473/status/1796220969226555403
989,@TrumpPepe2024,"Gustavo, check us out!

Trump Pepe on ETH! Ready to go! 
$TRUMPE
@TrumpPepeOnEth
$PEPE going to 10B+ = #PEPE narratives pumping.
$TRUMP &amp; US Elections = #TRUMP narratives pumping.
$TRUMPE on #ETH is $PEPE + $TRUMP. A 
@Matt_Furie
 original character.",https://x.com/TrumpPepe2024/status/1796213264898048070
1015,@CPatriot_,"Memorial Day 2024 marks a significant milestone as former President Donald Trump now holds a  lead over President Joe Biden, reversing the trend from last year. 

https://concernedpatriot.com/trump/total-memorial-day-maga-victory-trump-leads-biden/…

#election2024 #USElections #DonaldTrump #JoeBiden #MemorialDay #memorialdayweekend",https://x.com/CPatriot_/status/1796210054829662474
1035,@CryptoAccUK,"Trump-themed meme coins like $MAGA are surging ahead of the 2024 US elections. MAGA hit a new all-time high of $15.45 on May 29, up over 154,000% from its low, fueled by Trump's pro-crypto stance and his campaign accepting crypto donations. #memecoins $DOG $SPY $TSLA #HMRC $IWM",https://x.com/CryptoAccUK/status/1796205800211284128
1036,@mCarey60,"Lol.The foreign guy who promotes antisemitic & white nationalist sites, pushes lies & fake accounts about US elections, & in general is trying to interfere with the 2024 election by allowing misinformation cite to flourish, probably shouldn’t draw attention to his business model.",https://x.com/mCarey60/status/1796204979201421398
1037,@NikatLaw,"You aren't experts. You are foreign intelligence and US intelligence frauds with backstopped covers who are terrorizing Iranian-Americans as well as others to rig elections 2024 for Soros and/or the CIA's opposition candidates.

YOU ARE interfering in US elections & people.",https://x.com/NikatLaw/status/1796197660958818689
1038,@NikatLaw,"These aren't experts. These are foreign intelligence and US intelligence frauds with backstopped covers who are terrorizing Iranian-Americans as well as others to rig elections 2024 for Soros and/or the CIA's opposition candidates. 

They're interfering in US elections & people.",https://x.com/NikatLaw/status/1796197423577989371
1059,@FESonline,"US-Wahlen 2024: Bestimmte Kreise in den #USA haben ein Interesse daran, den Wahlprozess zu diskreditieren. Warum? Darüber spricht unser Kollege in Washington, 
@knut_dethlefsen
 . Reinschauen! 
#uselections  #USWahlen #DonaldTrump #USA 
@FES_DC
 
https://youtu.be/Vr4GNp1uBNo",https://x.com/FESonline/status/1796196690656899327
1079,@psugasti,Who will win US Elections 2024?,https://x.com/psugasti/status/1796188781986418788
1080,@HNadim87,"US Elections: Public Narrative as of 30 May 2024 

Overwhelmingly positive on Trump, and deeply critical of President Joe Biden. 

Keywords: #Biden2024 #Trump2024 & US Elections
Source: 3rd Eye (
@3RD_AI_
 )",https://x.com/HNadim87/status/1796186058154967110
1081,@Carborundu55651,"They want it out of the news well before the US elections. God forbit that the collapse of Ukraine occurs in, say October, 2024.",https://x.com/Carborundu55651/status/1796171017355702302
1082,@VoulonValentin,"Remember these snapshots coming up to the 2020 US elections? How will AI impact the 2024 US elections? Engage and let me know your thoughts.

#AI #uselections #technology #conspiracy #fakenews",https://x.com/VoulonValentin/status/1796169707227152799
1083,@DrLiebknicht,There is no other choice to make. ‘I need you’: Biden-Harris campaign launches initiative to court Black voters | US elections 2024 | The Guardian #VoteBlue #VoteBlueToSaveDiversity #VoteBlueToSaveDemocracy,https://x.com/DrLiebknicht/status/1796166978370937335
1102,@TrumpPepe2024,"Trump Pepe on ETH! Ready to go! 
$TRUMPE
@TrumpPepeOnEth
$PEPE going to 10B+ = #PEPE narratives pumping.
$TRUMP &amp; US Elections = #TRUMP narratives pumping.
$TRUMPE on #ETH is $PEPE + $TRUMP. A 
@Matt_Furie
 original character.",https://x.com/TrumpPepe2024/status/1796163214587089152
1103,@CryptoEmy_,"2024: CME HAS NO PLANS TO OFFER SOLANA FUTURES 

2025: CME launches $SOL Futures!

Timelines for Solana ETF improve  rapidly following US elections.

Solana Memes re rate higher this summer.  $POPCAT $WIF $BONK 

JUST UP ",https://x.com/CryptoEmy_/status/1796153504827855144
1104,@litefinanceeng,Mexican peso at risk with US elections ahead. Forecast as of 30.05.2024 https://litefinance.org/blog/analysts-opinions/mexican-peso-at-risk-with-us-elections-ahead-forecast-as-of-30052024/?utm_source=twitter&utm_medium=social&utm_campaign=post…,https://x.com/litefinanceeng/status/1796136381388919220
1105,@RippleXrpieqe,"BREAKING: 
@Ripple
 is pumping $25 million into Fairshake, a federal super political action committee (PAC) backing pro-crypto candidates during the 2024 US elections. #XRP",https://x.com/RippleXrpieqe/status/1796127158986834121
1142,@FEfundinfo,"The upcoming UK and US elections in 2024 are high profile events that could have implications for your clients' investments.  

Find out what the impact could be in our latest blog. 

Read now: https://hubs.ly/Q02yD8DW0  

#2024Elections #GlobalMarkets #FEInvestments",https://x.com/FEfundinfo/status/1796096710122377267
1143,@MadrasTribune,"Joe Biden tells Black voters ‘I need you’ to beat Trump in campaign rally in Philadelphia – live | US elections 2024 https://madrasinsider.com/2024/05/29/joe-biden-tells-black-voters-i-need-you-to-beat-trump-in-campaign-rally-in-philadelphia-live-us-elections-2024/… via 
@The
 Madras Insider",https://x.com/MadrasTribune/status/1796086282424025525
1144,@TrumpPepe2024,"Trump Pepe on ETH! Ready to go! 
List us next! 
@Poloniex
 
$TRUMPE
@TrumpPepeOnEth
$PEPE going to 10B+ = #PEPE narratives pumping.
$TRUMP &amp; US Elections = #TRUMP narratives pumping.
$TRUMPE on #ETH is $PEPE + $TRUMP. A 
@Matt_Furie
 original character.",https://x.com/TrumpPepe2024/status/1796086076756336688
1145,@drm_jeremy," #Bitcoin is becoming a key issue in the 2024 US elections!  #Grayscale reports that 47% of American voters plan to include crypto in their portfolios, and 32% are more open to investing in it. Politicians must take note as pro-crypto sentiments rise.#Crypto2024 #Election2024",https://x.com/drm_jeremy/status/1796070243258736901
1146,@REDANDW81061302,Let the #TRUMP win 2024 #uselections ...,https://x.com/REDANDW81061302/status/1796068738845790351
1167,@RTWRich,"South African election results are coming in, EU elections in a week. Yet, 2024 parochial British media barely covers these critical events, which are as significant as UK and US elections.
@bbc5live
 @BBCBreakfast
 @RestIsPolitics
 @thenewsagents
 @Channel4News
 @itvnews
 @BBCr4today",https://x.com/RTWRich/status/1796067428520149070
1168,@coinfomania,"Ripple donates another $25M to Fairshake, boosting support for pro-crypto candidates in the 2024 elections. Total donation now $50M!  
https://coinfomania.com/ripple-adds-another-25-million-donation-to-fairshake-to-ensure-cryptos-voice-in-2024-elections/…
 $DOG | El Salvador | Cathie Wood | #BlackRock | $SNEK #cryptoinvestor #uselections #Elections2024 #BlockchainGaming",https://x.com/coinfomania/status/1796063351694413995
1169,@nikstankovic_,"China does have a very unconventional weapon to influence US elections in 2024: it just has to openly and completely support one candidate, and it would greatly help the other.

In other words, reverse psychology.

The question is, which candidate/party would/should China",https://x.com/nikstankovic_/status/1796055439437914491
1170,,"#uswahl2024 Update 05/2024: #Trump mit ungewöhnlichen Wahlkampfauftritten

https://blog1600penn.com/2024/05/29/uswahl2024-update-05-2024-trump-mit-ungewohnlichen-wahlkampfauftritten/…

#Blog1600Penn #Biden #USElections",https://x.com/Blog1600Penn/status/1796044617089179960
